AnalysisType	FrequencyRange	MeanCanonicalCorrelation	MeanPValue
F0	70-150Hz	0.5836510064005612	0.0
F0	70-150Hz	0.5836510064005612	0.0
