AnalysisType	FrequencyRange	MeanCanonicalCorrelation	MeanPValue
F0	70-150Hz	0.5423444953292863	0.0
F0	70-150Hz	0.5423444953292863	0.0
