AnalysisType	FrequencyRange	MeanCanonicalCorrelation	MeanPValue
F0	70-150Hz	0.6039032479130328	0.0
F0	70-150Hz	0.6039032479130328	0.0
