AnalysisType	FrequencyRange	MeanCanonicalCorrelation	MeanPValue
F0	70-150Hz	0.6692765434891861	0.0
F0	70-150Hz	0.6692765434891861	0.0
