AnalysisType	FrequencyRange	MeanCanonicalCorrelation	MeanPValue
F0	70-150Hz	0.6519454473627253	0.0
F0	70-150Hz	0.6519454473627253	0.0
