AnalysisType	FrequencyRange	MeanCanonicalCorrelation	MeanPValue
F0	70-150Hz	0.6665335385597211	0.0
F0	70-150Hz	0.6665335385597211	0.0
