AnalysisType	FrequencyRange	MeanCanonicalCorrelation	MeanPValue
F0	70-150Hz	0.6041040317398781	0.0
F0	70-150Hz	0.6041040317398781	0.0
